"","V1"
"character(0)",2
"character(0)",2
"character(0)",5
"character(0)",1
"character(0)",1
"character(0)",1
"character(0)",2
"character(0)",1
"character(0)",1
"character(0)",2
"character(0)",1
"character(0)",2
"character(0)",3
"character(0)",3
"character(0)",4
"character(0)",4
"character(0)",2
"character(0)",4
"character(0)",4
"character(0)",4
"character(0)",1
"character(0)",4
"character(0)",2
"character(0)",1
"character(0)",5
"character(0)",2
"character(0)",5
"character(0)",1
"character(0)",4
"character(0)",4
"character(0)",1
"character(0)",4
"character(0)",1
"character(0)",1
"character(0)",2
"character(0)",4
"character(0)",4
"character(0)",4
"character(0)",4
"character(0)",4
"character(0)",4
"character(0)",1
"character(0)",3
"character(0)",1
"character(0)",1
"character(0)",1
"character(0)",1
"character(0)",1
"character(0)",1
"character(0)",2
"character(0)",5
"character(0)",1
"character(0)",2
"character(0)",3
"character(0)",1
"character(0)",2
"character(0)",3
"character(0)",1
"character(0)",1
"character(0)",4
"character(0)",1
"character(0)",2
"character(0)",3
"character(0)",4
"character(0)",4
"character(0)",4
"character(0)",2
"character(0)",3
"character(0)",5
"character(0)",2
"character(0)",3
"character(0)",3
"character(0)",5
"character(0)",4
"character(0)",5
"character(0)",2
"character(0)",3
"character(0)",1
"character(0)",5
"character(0)",1
"character(0)",2
"character(0)",2
"character(0)",3
"character(0)",4
"character(0)",5
"character(0)",3
"character(0)",3
"character(0)",4
"character(0)",3
"character(0)",1
"character(0)",3
"character(0)",5
"character(0)",4
"character(0)",4
"character(0)",1
"character(0)",3
"character(0)",2
"character(0)",1
"character(0)",4
"character(0)",1
"character(0)",2
"character(0)",3
"character(0)",3
"character(0)",4
"character(0)",3
"character(0)",1
"character(0)",2
"character(0)",1
"character(0)",3
"character(0)",2
"character(0)",5
"character(0)",4
"character(0)",2
"character(0)",1
"character(0)",1
"character(0)",1
"character(0)",2
"character(0)",2
"character(0)",1
"character(0)",4
"character(0)",3
"character(0)",3
"character(0)",5
"character(0)",1
"character(0)",2
"character(0)",3
"character(0)",1
"character(0)",2
"character(0)",2
"character(0)",2
"character(0)",3
"character(0)",2
"character(0)",5
"character(0)",4
"character(0)",1
"character(0)",3
"character(0)",4
"character(0)",3
"character(0)",1
"character(0)",1
"character(0)",4
"character(0)",1
"character(0)",3
"character(0)",2
"character(0)",1
"character(0)",1
"character(0)",2
"character(0)",3
"character(0)",3
"character(0)",2
"character(0)",1
"character(0)",2
"character(0)",1
"character(0)",1
"character(0)",5
"character(0)",2
"character(0)",4
"character(0)",2
"character(0)",4
"character(0)",4
"character(0)",5
"character(0)",1
"character(0)",2
"character(0)",2
"character(0)",4
"character(0)",2
"character(0)",5
"character(0)",2
"character(0)",5
"character(0)",1
"character(0)",1
"character(0)",1
"character(0)",5
"character(0)",3
"character(0)",2
"character(0)",1
"character(0)",1
"character(0)",5
"character(0)",1
"character(0)",3
"character(0)",3
"character(0)",2
"character(0)",4
"character(0)",4
"character(0)",4
"character(0)",2
"character(0)",1
"character(0)",5
"character(0)",1
"character(0)",1
"character(0)",4
"character(0)",1
"character(0)",3
"character(0)",1
"character(0)",1
"character(0)",2
"character(0)",2
"character(0)",1
"character(0)",5
"character(0)",4
"character(0)",2
"character(0)",2
"character(0)",4
"character(0)",1
"character(0)",5
"character(0)",1
"character(0)",2
"character(0)",1
"character(0)",2
"character(0)",3
"character(0)",2
"character(0)",5
"character(0)",2
"character(0)",5
"character(0)",5
"character(0)",3
"character(0)",5
"character(0)",5
"character(0)",4
"character(0)",1
"character(0)",1
"character(0)",4
"character(0)",4
"character(0)",5
"character(0)",5
"character(0)",1
"character(0)",2
"character(0)",1
